time_window,stimulus,expected_red_out_k,expected_green_out_k
0-20ms,"Power-up, safe battery, relays actual open, no fault",High/off,Low/on after POR
25-60ms,V_CONTROLLER > 0.6V,2-5Hz low pulses/on pulses,Low/on if battery safe and latch OK
40-55ms,V_BATTERY > 0.6V,As controller state,High/off
81-100ms,MAINP_ACTUAL = 0,Off unless controller high,High/off
120-130ms,MAINP_DISCONNECT=1 and MAINP_SHOULD=1,Off unless controller high,Goes high/off and latches
131-160ms,Fault removed,Off unless controller high,Remains high/off
161-176ms,12V power cycle,Off,Reset interval
176-209ms,Power restored no fault,Off,Low/on after POR
210-220ms,V_DISCONNECT=1,Off unless controller high,Goes high/off and latches
